ASV_ID	Phylum	Class	Order	Family	Genus	Species	Confidence
edb753c01883fdcfeb9f2d7abfdb097c	Chordata	Actinopterygii	Aulopiformes	Alepisauridae	Alepisaurus	 Alepisaurus ferox	100
55898dc1e54b9503b9f5841cd6213d13	Chordata	Actinopterygii	Clupeiformes	Clupeidae	Alosa		100
5a7783c847304564e78f42bc0b5eef42	Chordata	Actinopterygii	Clupeiformes	Clupeidae	Alosa		100
62cc95865dd4e638f6c033cd1a54f766	Chordata	Actinopterygii	Clupeiformes	Clupeidae	Alosa		100
654181b0444ca88b182ae52e259a3cdb	Chordata	Actinopterygii	Clupeiformes	Clupeidae	Alosa		100
701813a3dafb89edc9578f3b809262e2	Chordata	Actinopterygii	Clupeiformes	Clupeidae	Alosa		100
72497c408afa9365363e0c2f7397eaf0	Chordata	Actinopterygii	Clupeiformes	Clupeidae	Alosa		100
7926a51ef2f4b7d981e0e4f48d894a10	Chordata	Actinopterygii	Clupeiformes	Clupeidae	Alosa		100
807103fa539332887e1bdd929c8453e0	Chordata	Actinopterygii	Clupeiformes	Clupeidae	Alosa		100
8f966d769b2567e9eea76427ddfec78d	Chordata	Actinopterygii	Clupeiformes	Clupeidae	Alosa		100
a1f3c30d764ef3710ab460bfb3fabf17	Chordata	Actinopterygii	Clupeiformes	Clupeidae	Alosa		100
bc943e88280586f66098b7b1c464672a	Chordata	Actinopterygii	Clupeiformes	Clupeidae	Alosa		100
cb18f583ee11803d9b93b1b9d9a12b04	Chordata	Actinopterygii	Clupeiformes	Clupeidae	Alosa		100
d6e746813bbb22cf124243f928e515f8	Chordata	Actinopterygii	Clupeiformes	Clupeidae	Alosa		100
e8bd092d6e663e4e355010d082462a7e	Chordata	Actinopterygii	Clupeiformes	Clupeidae	Alosa		100
fe774f6f7e90d0e57aaaae3f64c8d34a	Chordata	Actinopterygii	Clupeiformes	Clupeidae	Alosa		100
4d0f691360aab6ed4cc5b30317b2c68c	Chordata	Actinopteri	Uranoscopiformes	Ammodytidae	Ammodytes	Ammodytes dubius	100
9b78a235598e5573203a0686347b2162	Chordata	Actinopteri	Uranoscopiformes	Ammodytidae	Ammodytes	Ammodytes dubius	99.408
28f0cd55529b55f172b73e210a1650b7	Chordata	Aves	Anseriformes	Anatidae	Anas	NA	98.93
322263dc2f9c7d7bdf0f2188af15c751	Chordata	Aves	Anseriformes	Anatidae	Anas	Anas platyrhynchos	99.465
4cab6bf3218608fee805fecdb8f165db	Chordata	Aves	Anseriformes	Anatidae	Anas	NA	98.93
782e347f63f34213da36722bcece145a	Chordata	Aves	Anseriformes	Anatidae	Anas	NA	98.93
7b176d63603240a9fe3e12da08d27aa3	Chordata	Aves	Anseriformes	Anatidae	Anas	Anas platyrhynchos	100
7f42fcc222a8f1dc329631fc8ec25832	Chordata	Aves	Anseriformes	Anatidae	Anas	Anas platyrhynchos	99.465
abcf5ede977bcff7850e6718a18b1c32	Chordata	Aves	Anseriformes	Anatidae	Anas	Anas platyrhynchos	100
bfe386adc40a48e2a1e996940b0de178	Chordata	Aves	Anseriformes	Anatidae	Anas	Anas platyrhynchos	99.465
dfa49d5ed95882a572e116b19822b04f	Chordata	Aves	Anseriformes	Anatidae	Anas	Anas platyrhynchos	99.465
e5197be03a63a450f2fc5362e39bbde8	Chordata	Aves	Anseriformes	Anatidae	Anas	NA	98.93
0587cfd500eccb5c447771cf8ab70759	Chordata	Actinopterygii	Gadiformes	Moridae	Antimora	 Antimora rostrata	99.9999992
29ec363f63aec2f73456c016aa03e55d	Chordata	Actinopterygii	Gadiformes	Moridae	Antimora	 Antimora rostrata	99.99999779999999
52620cfab9ba6cfc299594d0aa0f8a9b	Chordata	Actinopterygii	Gadiformes	Moridae	Antimora	 Antimora rostrata	99.9999993
54b800a92b8b17e6340bb066a48923dc	Chordata	Actinopterygii	Gadiformes	Moridae	Antimora	 Antimora rostrata	99.99999349999999
6b8cbae2c272c9651be327eb81da8a49	Chordata	Actinopterygii	Gadiformes	Moridae	Antimora	 Antimora rostrata	99.9999992
6bfd2a1b99f912c83c6aede0091e8e8a	Chordata	Actinopterygii	Gadiformes	Moridae	Antimora	 Antimora rostrata	99.9999994
72b1b339815dde000faf178d95c03548	Chordata	Actinopterygii	Gadiformes	Moridae	Antimora	 Antimora rostrata	99.9999991
8b2b2fe328b51a209853c024a24dcb08	Chordata	Actinopterygii	Gadiformes	Moridae	Antimora	 Antimora rostrata	99.99999269999999
9006e8898f17077a9bba7f000bbd63b2	Chordata	Actinopterygii	Gadiformes	Moridae	Antimora	 Antimora rostrata	99.9999907
9e1dff6c920d8be85a2d6eda38c4afdc	Chordata	Actinopterygii	Gadiformes	Moridae	Antimora	 Antimora rostrata	99.9999993
a2e038c1eb370bfcda15d7f8b3ca9e45	Chordata	Actinopterygii	Gadiformes	Moridae	Antimora	 Antimora rostrata	99.9999993
b1a2b591299a088ebeae35494b1bf713	Chordata	Actinopterygii	Gadiformes	Moridae	Antimora	 Antimora rostrata	99.9999991
face89c2ae7491d0fbbf387be9dbb2a7	Chordata	Actinopterygii	Gadiformes	Moridae	Antimora	 Antimora rostrata	99.9999908
319e8c1badf384adbef23e5fc64acecb	Chordata	Mammalia	Artiodactyla	Balaenopteridae	Balaenoptera	Balaenoptera physalus	100
03ab69275feec60539c99e9daaf5e88b	Chordata	Actinopterygii	Myctophiformes	Myctophidae	Protomyctophum	 Protomyctophum arcticum	99.9997454
829c21b8b701b5c0abcfefe6330b86b4	Ascomycota	Leotiomycetes	Erysiphales	Erysiphaceae	Blumeria	Blumeria graminis	100
93c5aebe54805cc882a26b4c890e69fd	Chordata	Actinopteri	Myctophiformes	NA	NA	NA	86.747
65b1bd16a5c07cc0a3f53138cce4eb85	Chordata	Mammalia	Artiodactyla	Bovidae	NA	NA	95.21
ac4820650ac3a12bdf9f99ccc4fbf080	Chordata	Mammalia	Artiodactyla	Bovidae	Bos	Bos taurus	99.405
d97c7f4c447f9454c439cf2328ec2ee9	Chordata	Mammalia	Artiodactyla	Bovidae	Bos	Bos taurus	100
dfc9a53c82fc8cb5360bbbe5497cd0d8	Chordata	Mammalia	Artiodactyla	Bovidae	Bos	Bos taurus	99.405
e75110e493a85f1f5bc70a4f083f7cf3	Chordata	Mammalia	Artiodactyla	Bovidae	Bos	Bos taurus	100
e4fb88b5fa8cb279dad7eae0cb73d640	Chordata	Mammalia	Carnivora	Canidae	Canis	Canis lupus	100
086e548b7a675c86ff5556edac5d7c44	Chordata	Actinopterygii	Myctophiformes	Myctophidae	Ceratoscopelus	 Ceratoscopelus maderensis	99.7303844
b89e39b8c215089c2171b88b5d0b59a5	Chordata	Actinopterygii	Myctophiformes	Myctophidae	Ceratoscopelus	NA	96.1335642
05fb9f9e7b4e1d7597209de9a6d444fe	Chordata	Elasmobranchii	Lamniformes	Cetorhinidae	Cetorhinus	 Cetorhinus maximus	99.9999999
375ac3ec0709b8911eab94c2dcb2d425	Chordata	Actinopterygii	Stomiiformes	Gonostomatidae	Cyclothone	 Cyclothone microdon	100
609f7a3864aa8d2f486669f6c7c1d140	Chordata	Actinopterygii	Stomiiformes	Gonostomatidae	Cyclothone	 Cyclothone microdon	100
6ed010ecad008b2d61d08d4cc8c11ce6	Chordata	Mammalia	Artiodactyla	Delphinidae	Delphinus	Delphinus delphis	100
821abcb25a077fea95aae47e0cc4bebe	Chordata	Mammalia	Artiodactyla	Delphinidae	Delphinus	Delphinus delphis	100
04f94f721769257d8bbd521a156f595d	Chordata	Actinopterygii	Myctophiformes	Myctophidae	Diaphus	 Diaphus dumerilii	100
4afca513705b5aa4792d5a16c97f60e3	Chordata	Actinopterygii	Myctophiformes	NA	NA	NA	83.43419039999999
4e57ec87a86bd32a781faa47143c8d7d	Chordata	Actinopterygii	Myctophiformes	Myctophidae	Diaphus	 Diaphus dumerilii	100
5f9ce8bea83248252140b893bfe2e693	Chordata	Actinopterygii	Myctophiformes	Myctophidae	Diaphus	 Diaphus dumerilii	100
6086c2be92f901d8c69fbf3e87f42528	Chordata	Actinopterygii	Myctophiformes	Myctophidae	Diaphus	 Diaphus dumerilii	99.99996759999999
613871932285a90bbc975387022c20db	Chordata	Actinopterygii	Myctophiformes	Myctophidae	Diaphus	 Diaphus dumerilii	99.9999997
763bbf07e6665496a6f5f6995b4ac03f	Chordata	Actinopterygii	Myctophiformes	Myctophidae	Diaphus	 Diaphus dumerilii	100
9329d1afeea6da61c89c809dbc8d82ad	Chordata	Actinopterygii	Myctophiformes	Myctophidae	Diaphus	 Diaphus dumerilii	100
9c98e3e9ee62f7d37f645ad2cd54cc86	Chordata	Actinopterygii	Myctophiformes	Myctophidae	Diaphus	 Diaphus dumerilii	100
b2eb305b0d8d51fda0820e32b888a070	Chordata	Actinopterygii	Myctophiformes	Myctophidae	Diaphus	 Diaphus dumerilii	99.9998176
c6b23f47a2d9f9d4d698dd913f202079	Chordata	Actinopterygii	Myctophiformes	Myctophidae	Diaphus	 Diaphus dumerilii	99.9999999
c74be90648a66bc8e5795e1e9efd009e	Chordata	Actinopterygii	Myctophiformes	Myctophidae	Diaphus	 Diaphus dumerilii	99.9999911
cea3b623dd793ea66ff7ade80f445151	Chordata	Mammalia	Artiodactyla	Delphinidae	Globicephala	Globicephala melas	100
02afebb71268594917fa69fbc6637889	Chordata	Mammalia	Primates	Hominidae	Homo	Homo sapiens	100
035904cc243fb126f342c49aff6b2e37	Chordata	Mammalia	Primates	Hominidae	Homo	Homo sapiens	100
109402140920e8296748e5521589053a	Chordata	Mammalia	Primates	Hominidae	Homo	Homo sapiens	99.415
29e80a36298e889f86a7a5b3f6408ee5	Chordata	Mammalia	Primates	Hominidae	Homo	Homo sapiens	100
3039cf711d237a7827311e81205d7039	Chordata	Mammalia	Primates	Hominidae	Homo	Homo sapiens	100
33b2c110f6b7851982cec436a51e7233	Chordata	Mammalia	Primates	Hominidae	Homo	Homo sapiens	99.412
3e1989504c0ae86229821d6bcde5e59b	Chordata	Mammalia	Primates	Hominidae	Homo	Homo sapiens	100
464f7dc0bbff491f3af6047498e1d64a	Chordata	Mammalia	Primates	Hominidae	Homo	Homo sapiens	100
4c17e3097a098ffa7a08f16ee218afbe	Chordata	Mammalia	Primates	Hominidae	Homo	Homo sapiens	99.415
63bf155c81c04925b5e7665aca9f859d	Chordata	Mammalia	Primates	Hominidae	Homo	Homo sapiens	99.415
85f4e23ceb49cf7dfd8d34307aae49d7	Chordata	Mammalia	Primates	Hominidae	Homo	Homo sapiens	99.415
9a5aabfdc3fb5c8ae5dfb0906e365445	Chordata	Mammalia	Primates	Hominidae	Homo	Homo sapiens	100
9f66386d28fed2550f2b215897e7e939	Chordata	Mammalia	Primates	Hominidae	Homo	Homo sapiens	99.375
b6bfcba3b24535d90bce9e517b4f6e36	Chordata	Mammalia	Primates	Hominidae	Homo	Homo sapiens	100
bf462132330bc96e269cf8290cb794f3	Chordata	Mammalia	Primates	Hominidae	Homo	NA	98.83
cad6b723cfccc3ddecbf67c66674875a	Chordata	Mammalia	Primates	Hominidae	Homo	NA	96.471
e6753324601dcc860153e69c7bc80728	Chordata	Mammalia	Primates	Hominidae	Homo	Homo sapiens	100
fe3d089d4903e1f6832486dfd6d5bb66	Chordata	Mammalia	Primates	Hominidae	Homo	Homo sapiens	99.415
84d9b0529292400006ce26c074f856e9	Chordata	Actinopteri	Myctophiformes	Myctophidae	Hygophum	Hygophum hygomii	99.419
9150e0816363cb5f8d75055ca6297c72	Chordata	Actinopteri	Myctophiformes	Myctophidae	Hygophum	Hygophum hygomii	99.419
a21199fbfef96181b34580f0d5d70e17	NA	NA	NA	NA	NA	NA	NA
a4e66d516a28058094fd1aca17c7bcc2	Chordata	Actinopteri	Myctophiformes	Myctophidae	Hygophum	NA	98.837
d3f734c44e8dc60c37fd1d9d9365ebce	Chordata	Actinopteri	Myctophiformes	Myctophidae	Hygophum	Hygophum hygomii	100
0612e31aafb1267f483bd7a582183ae9	Chordata	Mammalia	Artiodactyla	Ziphiidae	Hyperoodon	Hyperoodon ampullatus	100
13a2e96bdbaaec878300e489d56172db	Chordata	Actinopterygii	Gadiformes	Moridae	Antimora	 Antimora rostrata	99.9532275
6069e137ec7868b20c55ced89ad896eb	NA	NA	NA	NA	NA	NA	NA
2d972ca28f283e5ffa9a6c729895d42e	Chordata	Actinopteri	Gadiformes	Merlucciidae	Merluccius	Merluccius bilinearis	100
2ea5055562e633e1eb8493ca3836b572	Chordata	Actinopteri	Gadiformes	Merlucciidae	Merluccius	NA	98.824
376ff1a41a134456beeeb8a81f3b87cf	Chordata	Actinopteri	Gadiformes	Merlucciidae	Merluccius	Merluccius bilinearis	99.412
d7419673803eb6d176baa25219d162c8	Chordata	Mammalia	Artiodactyla	Ziphiidae	Mesoplodon	Mesoplodon bidens	100
f7578ceab620c2908c36bea7c20d6d0c	NA	NA	NA	NA	NA	NA	NA
115185b62d16b673aee2bb085e22dc40	Chordata	Actinopterygii	Myctophiformes	Myctophidae	Myctophum	 Myctophum punctatum	100
959061d4a79d02fc0b1d7337e3fa119f	Chordata	Actinopterygii	Myctophiformes	Myctophidae	Myctophum	 Myctophum punctatum	100
b31e9fef8df757b3efe0963041d52213	Chordata	Actinopterygii	Myctophiformes	Myctophidae	Myctophum	 Myctophum punctatum	100
c21f0aa0a81deefb7c10a9a4f671c921	Chordata	Actinopterygii	Myctophiformes	Myctophidae	Myctophum	 Myctophum punctatum	100
0da11a5ff7bdc1761376de0569758dd8	Chordata	Actinopterygii	Scorpaeniformes	Cottidae	Myoxocephalus	 Myoxocephalus scorpius	99.9662317
2d3fc41a7b464c3cb4f5772b8c1af6eb	Chordata	Actinopterygii	Scorpaeniformes	Cottidae	Myoxocephalus	 Myoxocephalus scorpius	99.9893468
36f41ccf05314cb86f18e6326a13a907	Chordata	Actinopterygii	Scorpaeniformes	Cottidae	Myoxocephalus	 Myoxocephalus scorpius	99.96860410000001
37610fe564a0eddc62bc54a1489cbcbd	Chordata	Actinopterygii	Scorpaeniformes	Cottidae	Myoxocephalus	 Myoxocephalus scorpius	99.99068840000001
545fbdada0ac175a1ead9d95237e716a	Chordata	Actinopterygii	Scorpaeniformes	Cottidae	Myoxocephalus	 Myoxocephalus scorpius	99.98915339999999
5ba2f64ec8f15b0ab9737013ca4edff8	Chordata	Actinopterygii	Scorpaeniformes	Cottidae	Myoxocephalus	NA	98.6431753
6e6ca57bab82586e9196a64e583d5ec7	Chordata	Actinopterygii	Scorpaeniformes	Cottidae	Myoxocephalus	 Myoxocephalus scorpius	99.9809952
7543c26c8504beb82591935091168e2f	Chordata	Actinopterygii	Scorpaeniformes	Cottidae	Myoxocephalus	 Myoxocephalus scorpius	99.92693940000001
8226edd4f7b8316bddbc4d3df59af644	Chordata	Actinopterygii	Scorpaeniformes	Cottidae	Myoxocephalus	 Myoxocephalus scorpius	99.9169155
86c26160e79a6382242ad45193867a17	Chordata	Actinopterygii	Scorpaeniformes	Cottidae	Myoxocephalus	 Myoxocephalus scorpius	99.9922843
e65aa64eaa112e5f06974d78720c4f5d	Chordata	Actinopterygii	Scorpaeniformes	Cottidae	Myoxocephalus	 Myoxocephalus scorpius	99.9283762
09057b7fae6f6c7a06ff75d165d0262a	NA	NA	NA	NA	NA	NA	NA
0b3f98b6c0b947a520eea5c5a16e950a	NA	NA	NA	NA	NA	NA	NA
1036f6496fa4fe116d5397e2296d691f	NA	NA	NA	NA	NA	NA	NA
106d95bfc34ab24ec1013729edbd22fb	NA	NA	NA	NA	NA	NA	NA
1611736929e2b9fdd84d78941d4674d6	NA	NA	NA	NA	NA	NA	NA
17c20b7c57594a7d5cae5341ba5276a1	NA	NA	NA	NA	NA	NA	NA
19eae13f6dbe07b0d9e7005d9c7e1476	Chordata	Actinopterygii	Gadiformes	Moridae	Antimora	 Antimora rostrata	99.7918833
1abe2e41f6a929220211a2558f78001a	NA	NA	NA	NA	NA	NA	NA
1dd276cbcaae2ca132755decccb833e0	Chordata	Actinopterygii	Myctophiformes	Myctophidae	Notoscopelus	 Notoscopelus elongatus	99.9999997
1ff1818e4f9e925c28352c38e43651a1	NA	NA	NA	NA	NA	NA	NA
218e04c93496a9c86b69a197701f23e4	NA	NA	NA	NA	NA	NA	NA
21e92e038dda99a79fb6789a70be784b	Chordata	Actinopterygii	Perciformes	Scombridae	Scomber	 Scomber scombrus	99.99999240000001
226b38244e6ffa20583a41d6269eb330	Chordata	Actinopterygii	Scorpaeniformes	Cottidae	Myoxocephalus	 Myoxocephalus scorpius	99.9855065
23505438ad35260ec5a7e119d46420ae	NA	NA	NA	NA	NA	NA	NA
256cf529eebed02c4797ce17e9afa15f	NA	NA	NA	NA	NA	NA	NA
25ce053c38c588774b155a020c634915	NA	NA	NA	NA	NA	NA	NA
275c4cb537d5106fc6479a2725f823d2	NA	NA	NA	NA	NA	NA	NA
309e7bdadc3dac4792b8e08ae73d29f7	NA	NA	NA	NA	NA	NA	NA
311f700e60a20ea0ca68514c650119c1	NA	NA	NA	NA	NA	NA	NA
3142d263be8633b2262ef8f6d711cb92	Chordata	Actinopterygii	Scorpaeniformes	Cottidae	Myoxocephalus	 Myoxocephalus scorpius	99.9854629
33b394bdf3a7482f62746d79457d03e3	NA	NA	NA	NA	NA	NA	NA
342a4de93495de16ff16f415685be660	NA	NA	NA	NA	NA	NA	NA
390cc04d9f3db05c75cc9f9064acb85d	NA	NA	NA	NA	NA	NA	NA
3ae3da2c502aa700272459f91b96b8a5	NA	NA	NA	NA	NA	NA	NA
3fe6581d5577616530ec3d7c0d1370a3	NA	NA	NA	NA	NA	NA	NA
412fb73cb0f3c814c6d288709a7e7a86	Chordata	Actinopterygii	Perciformes	NA	NA	NA	82.9227969
43095b76ac64013c9a07122a8e784cb6	NA	NA	NA	NA	NA	NA	NA
46ef92bf3ddf6ff4552e7d8a6b2f40d9	NA	NA	NA	NA	NA	NA	NA
498050c1df4e5003d03fb2d875812b83	Chordata	Actinopterygii	Clupeiformes	Clupeidae	Alosa		99.9999989
560c28eff5e2833c908c890604937ce0	NA	NA	NA	NA	NA	NA	NA
560eedc77ccd925f4c6f3e31c9b32c52	NA	NA	NA	NA	NA	NA	NA
5616587f5a7a9bbc8813c7fd14940d3e	NA	NA	NA	NA	NA	NA	NA
57e103739179a4f4b7b0a64352e09de6	Chordata	Actinopterygii	Anguilliformes	Synaphobranchidae	Synaphobranchus	 Synaphobranchus kaupii	99.9999977
5a988693b68fe6b26e802ca32343c0d3	NA	NA	NA	NA	NA	NA	NA
5e989c14a70d2a0ef5eef6cb2d3e3af8	NA	NA	NA	NA	NA	NA	NA
5f3d7783d3569414437f5ef0f4695c9a	NA	NA	NA	NA	NA	NA	NA
6241d16741acafb2d7ec938872fb7283	Chordata	Actinopterygii	Perciformes	Scombridae	Scomber	 Scomber scombrus	99.9999946
65d5cea37226a3e21d432117b09f118b	Chordata	Actinopterygii	Perciformes	Scombridae	Scomber	 Scomber scombrus	99.9999964
69214cef17ff7c03d08f6b7d6f395f7e	NA	NA	NA	NA	NA	NA	NA
6d2818fb816ea1e2b409b171659d5c9c	Chordata	Actinopterygii	Gadiformes	Moridae	Antimora	 Antimora rostrata	99.8025112
6f7b75cc4747652a0d9f7c871261bbc1	NA	NA	NA	NA	NA	NA	NA
70e5490bd02ef9fe7868f9f3dbb05d24	NA	NA	NA	NA	NA	NA	NA
730ee4ec72993a1d558431454344efea	NA	NA	NA	NA	NA	NA	NA
74d0d47b78f8b8693288fb75aae754f5	Chordata	Actinopterygii	Myctophiformes	Myctophidae	Protomyctophum	 Protomyctophum arcticum	99.9999915
76eb1f8828a912a52ca9815529e9fb5d	NA	NA	NA	NA	NA	NA	NA
7c89ace8ea4b7073887748fc61dcbb2d	NA	NA	NA	NA	NA	NA	NA
7c8d257be1ebfb4370fc23f9146bf7d4	NA	NA	NA	NA	NA	NA	NA
7d285cdac96b1810e00291becfce1033	NA	NA	NA	NA	NA	NA	NA
814cce27307b2bc6b1ce3b226c16b030	Chordata	Actinopterygii	Myctophiformes	NA	NA	NA	88.502981
821ef8b4efa919ba8e32ae61ebe63d42	NA	NA	NA	NA	NA	NA	NA
847b65cd2bac6d0cf047504b4dae0d18	Chordata	Actinopterygii	Anguilliformes	Synaphobranchidae	Synaphobranchus	 Synaphobranchus kaupii	99.9999999
888501fa8284b399893625f7deb28cf6	NA	NA	NA	NA	NA	NA	NA
8a4c3076bb05d82edc8d604a5e8ce962	NA	NA	NA	NA	NA	NA	NA
8c53b6680a502a342345b101604ecd01	NA	NA	NA	NA	NA	NA	NA
9366cb62c8527f8847943329e632cdef	Chordata	Actinopterygii	Clupeiformes	Clupeidae	Alosa	NA	98.3372409
93a2cc1b22ba7d36ab6e7de9518c21d2	NA	NA	NA	NA	NA	NA	NA
95529b8ec0df98b8b2cc3d9b19ebb936	NA	NA	NA	NA	NA	NA	NA
9596ec30d4b27d3c87d6d7d269091c80	Chordata	Actinopterygii	Perciformes	Scombridae	Scomber	 Scomber scombrus	99.9999999
98728523b2e8e7d7a27313bb20554f38	NA	NA	NA	NA	NA	NA	NA
9c7d69b717fa2eef8bcf31253f0420db	Chordata	Actinopterygii	Perciformes	Scombridae	Scomber	 Scomber scombrus	99.99998169999999
9e36587ea93923808e58c8dd4cd2a54e	NA	NA	NA	NA	NA	NA	NA
9f8c1b8608d72a4d4d26e566751ac15d	NA	NA	NA	NA	NA	NA	NA
a2495ef0d17062836498dd72c5670b06	NA	NA	NA	NA	NA	NA	NA
a2ac2916e7edb05296cf49fbcfc83f0c	Chordata	Actinopterygii	Perciformes	Scombridae	Scomber	 Scomber scombrus	99.99997929999999
a2f43ddaf8fbe7de372563c378b78e76	Chordata	Actinopterygii	Perciformes	Scombridae	NA	NA	95.6666092
a4bdc4cd216adbe5f54528837f78d4c6	NA	NA	NA	NA	NA	NA	NA
a5d26c194e732e0f554b960dc669abc3	NA	NA	NA	NA	NA	NA	NA
aba50e3a94c0c4da523fff96a9be261d	Chordata	Actinopterygii	Perciformes	Scombridae	Scomber	 Scomber scombrus	99.9999992
af01fa78d296da4e870596e566a98181	NA	NA	NA	NA	NA	NA	NA
b32453eeee9666d785e2504015fedd98	NA	NA	NA	NA	NA	NA	NA
b467b5f96014026267a9dedf9847987c	NA	NA	NA	NA	NA	NA	NA
b5c9fb233c8fd9708334bc20da055805	NA	NA	NA	NA	NA	NA	NA
b8de60b813272add4856a184d59c8a86	Chordata	Actinopterygii	Myctophiformes	Myctophidae	Protomyctophum	 Protomyctophum arcticum	99.9999345
ba55a4042fcc4e887d518f6890070366	NA	NA	NA	NA	NA	NA	NA
bbced744251ada27036e6bc8e7bbc9a0	NA	NA	NA	NA	NA	NA	NA
bdec210722f850cd78148f5af1e97afb	NA	NA	NA	NA	NA	NA	NA
bf7aed7c12e87a4b482e99ca07fcb060	Chordata	Actinopterygii	Perciformes	Scombridae	Thunnus	NA	97.4565324
c195e7989e9f5b2fe0b734485f2be6d5	NA	NA	NA	NA	NA	NA	NA
c5329392d0074fcd9f9cafbb3628e5c7	Chordata	Actinopterygii	Myctophiformes	Myctophidae	Notoscopelus	 Notoscopelus elongatus	100
c8cb96649a022734882cb8fb0ce5da6c	NA	NA	NA	NA	NA	NA	NA
c95539af742c9688414d9d874ad466ef	NA	NA	NA	NA	NA	NA	NA
c9a94a9e00d3b077ee9c7c71da8a47e7	Chordata	Actinopterygii	Gadiformes	Moridae			99.99834480000001
cb77c8886c14c4b360a59db851228841	Chordata	Actinopterygii	Gadiformes	Moridae	Antimora	 Antimora rostrata	99.8569691
ce80ce49c5a8fd23d0efd3d34010c127	NA	NA	NA	NA	NA	NA	NA
cecea4d77207a6fc38aa47dbb1856578	NA	NA	NA	NA	NA	NA	NA
cf8d57f6aba20f36dc3edd968986101d	NA	NA	NA	NA	NA	NA	NA
d2586e192d4a9ef90c692292a48819f5	NA	NA	NA	NA	NA	NA	NA
d6460b051ba0353aa380c0f0c0c4964b	NA	NA	NA	NA	NA	NA	NA
d8258e1ac4beaeaa4fb111a8bd62bdc8	NA	NA	NA	NA	NA	NA	NA
dc40ca7f2e3e67226d03b0128df4825a	NA	NA	NA	NA	NA	NA	NA
dcb9e75e419487b51802dfc9141ab1ef	NA	NA	NA	NA	NA	NA	NA
df18043aa7fcd9f402dee41991ab53d6	NA	NA	NA	NA	NA	NA	NA
e1cab8fe98642211e720bae3c0ab2c23	NA	NA	NA	NA	NA	NA	NA
e3b403fd8b88ea2ad999ff8419d77c96	NA	NA	NA	NA	NA	NA	NA
e4628b0aa3b7b143c64cbbe15d082095	NA	NA	NA	NA	NA	NA	NA
e4f5966e060bd1200e60be53cba0eeff	NA	NA	NA	NA	NA	NA	NA
efdb424ad95c09a7fd214499da91bf9b	NA	NA	NA	NA	NA	NA	NA
f05eca9381fbec7296d0f191330ddfe8	Chordata	Actinopterygii	Myctophiformes	Myctophidae	Protomyctophum	 Protomyctophum arcticum	99.9999393
f0f7d84d825fa5daf4e7187c159f6214	NA	NA	NA	NA	NA	NA	NA
f18c4ca49db10abbf1d33522865409ba	NA	NA	NA	NA	NA	NA	NA
f29915e079bf93779039179596a9a009	NA	NA	NA	NA	NA	NA	NA
f31100747ed271016d40e483c5438729	NA	NA	NA	NA	NA	NA	NA
f86807298e1c4851dcc0022062215415	NA	NA	NA	NA	NA	NA	NA
fec294c5f70d72dc610cb14f1c05d75b	Chordata	Actinopterygii	Beloniformes	Scomberesocidae	Scomberesox	 Scomberesox saurus	99.9988256
ff97c3bf1c5f50bec0b25019ac439c9f	NA	NA	NA	NA	NA	NA	NA
ffeba6d698b0b8c00133adc6cad326be	NA	NA	NA	NA	NA	NA	NA
b64735da8f3632f44759b15e5faddcee	Chordata	Actinopterygii	Anguilliformes	Nemichthyidae	Nemichthys	 Nemichthys scolopaceus	100
a88243cd0bc15576bb7a0821a75a53d9	Chordata	Actinopterygii	Myctophiformes	Myctophidae	Notoscopelus	 Notoscopelus elongatus	100
b9b96f46902ec55b7356c410e2c04119	Chordata	Actinopterygii	Myctophiformes	Myctophidae	Notoscopelus	 Notoscopelus elongatus	100
bcf0a688e7fa27eb37156da867c4ea93	Chordata	Actinopterygii	Myctophiformes	Myctophidae	Notoscopelus	 Notoscopelus elongatus	100
e228dc01220de9a5eacf31130b4c1b21	Chordata	Actinopterygii	Myctophiformes	Myctophidae	Notoscopelus	 Notoscopelus elongatus	100
fe384dc602b308422b951960a928ca65	Chordata	Actinopterygii	Salmoniformes	Salmonidae	Oncorhynchus	 Oncorhynchus mykiss	99.9985364
4d5401900f8ac56b9b6f0bead8e532ae	Chordata	Actinopterygii	Aulopiformes	Paralepididae	Arctozenus	 Arctozenus risso	99.9752939
277c9ee208f420d955dd696a0fa61f8e	NA	NA	NA	NA	NA	NA	NA
a02a7cd1d0837cf234416b3cf82670e8	Chordata	Mammalia	Artiodactyla	Phocoenidae	Phocoena	Phocoena phocoena	100
c440dd4feac74c8e0c6a7946c1261bbe	Chordata	Elasmobranchii	Carcharhiniformes	Carcharhinidae	Prionace	 Prionace glauca	100
25b6b30c8160e176ca02047e853b49f2	Chordata	Actinopterygii	Myctophiformes	Myctophidae	Protomyctophum	 Protomyctophum arcticum	99.9999968
2bd0d8260c71592aebd017f4ca524fb9	Chordata	Actinopterygii	Myctophiformes	Myctophidae	Protomyctophum	 Protomyctophum arcticum	99.9999974
3829f491e75fa7c6b2799c9c3d5e104d	Chordata	Actinopterygii	Myctophiformes	Myctophidae	Protomyctophum	 Protomyctophum arcticum	99.99999389999999
3e4776c0adce3f4f566a8247d1b9bb48	Chordata	Actinopterygii	Myctophiformes	Myctophidae	Protomyctophum	 Protomyctophum arcticum	99.99996610000001
43f4f4a4f1c2abb0a04699aa55869b00	Chordata	Actinopterygii	Myctophiformes	Myctophidae	Protomyctophum	 Protomyctophum arcticum	99.9999435
6fa57ae8762e856b6916a10b2cb9f05e	Chordata	Actinopterygii	Myctophiformes	Myctophidae	Protomyctophum	 Protomyctophum arcticum	99.99999550000001
9a4c030a15a7a20deda42caab7e54d64	Chordata	Actinopterygii	Myctophiformes	Myctophidae	Protomyctophum	 Protomyctophum arcticum	99.9999944
9bc3a36c911e4793d29a8309594662a2	Chordata	Actinopterygii	Myctophiformes	Myctophidae	Protomyctophum	 Protomyctophum arcticum	99.9999992
aa4895a449d7eeb639b0e36b31319c0d	Chordata	Actinopterygii	Myctophiformes	Myctophidae	Protomyctophum	 Protomyctophum arcticum	99.9999994
afaff5dc50fea22c8741f92280c7bec9	Chordata	Actinopterygii	Myctophiformes	Myctophidae	Protomyctophum	 Protomyctophum arcticum	99.9999993
db5b2ff16347f792497348ae33fc114d	Chordata	Actinopterygii	Myctophiformes	Myctophidae	Protomyctophum	 Protomyctophum arcticum	99.9999402
f36ccfa7c06cb2e3c27df4fc8c15a0ee	Chordata	Actinopterygii	Myctophiformes	Myctophidae	Protomyctophum	 Protomyctophum arcticum	99.9999688
35535845da2099febfaf5cf90ba53249	NA	NA	NA	NA	NA	NA	NA
c8321f0fbbd331a237c02462c1e86098	NA	NA	NA	NA	NA	NA	NA
1dcf79f8d5d5e2f9b7e45ff781e86942	NA	NA	NA	NA	NA	NA	NA
ba12658d578b735cd83482b62672d6ba	NA	NA	NA	NA	NA	NA	NA
5f7d75e2d03ad4fdfda47a468a66a7ba	Chordata	Mammalia	Artiodactyla	Delphinidae	Sagmatias	NA	98.235
01881f80e825b246ad8976e9d2868fef	Chordata	Actinopterygii	Perciformes	Scombridae	Scomber	 Scomber scombrus	100
02d9851b0b5377a0ccf0c1aa2bfc23d9	Chordata	Actinopterygii	Perciformes	Scombridae	Scomber	 Scomber scombrus	100
1b801d475f2e58cf5142c1e4022fd429	Chordata	Actinopterygii	Perciformes	Scombridae	Scomber	 Scomber scombrus	100
1d160e1f99a6def819df12a7f937f729	Chordata	Actinopterygii	Perciformes	Scombridae	Scomber	 Scomber scombrus	99.9999917
1ea05b43347635ce342e48e695316adf	Chordata	Actinopterygii	Perciformes	Scombridae	Scomber	 Scomber scombrus	100
1f4c8be7c0efa18b81d82e2584219a54	Chordata	Actinopterygii	Perciformes	Scombridae	Scomber	 Scomber scombrus	99.9999999
27c95221a1ee760811f376a7b453c53e	Chordata	Actinopterygii	Perciformes	Scombridae	Scomber	 Scomber scombrus	99.9999999
2a5a6d35db5fbd43eba81f140a6c7d1f	Chordata	Actinopterygii	Perciformes	Scombridae	Scomber	 Scomber scombrus	100
2c29e5403d3d70891bac439bd0c9dc31	Chordata	Actinopterygii	Perciformes	Scombridae	Scomber	 Scomber scombrus	100
2ea7910af285c99c0dbf4cfa1e3c19b8	Chordata	Actinopterygii	Perciformes	Scombridae	Scomber	 Scomber scombrus	100
3262aeaaf90c44162d5dd7342e04a9f4	Chordata	Actinopterygii	Perciformes	Scombridae	Scomber	 Scomber scombrus	100
36aa548d18356c5301ab4d349925efb5	Chordata	Actinopterygii	Perciformes	Scombridae	Scomber	 Scomber scombrus	99.4652613
374e4761ba0b143f2ce0d6421a8f5a82	Chordata	Actinopterygii	Perciformes	Scombridae	Scomber	 Scomber scombrus	99.9999889
394c50b8d32a38b479ddb44330bb3a47	Chordata	Actinopterygii	Perciformes	Scombridae	Scomber	 Scomber scombrus	99.999993
3fbbab768a85b90ed18b0307d431b522	Chordata	Actinopterygii	Perciformes	Scombridae	Scomber	 Scomber scombrus	99.9999999
45a9f0a75dcb834c2aa075cab15e5cc8	Chordata	Actinopterygii	Perciformes	Scombridae	Scomber	 Scomber scombrus	99.9999996
6089d5db438f4a0117163d0c34e4a73f	NA	NA	NA	NA	NA	NA	NA
6cd7bb942c075eb191997a322e8ecfc8	Chordata	Actinopterygii	Perciformes	Scombridae	Scomber	 Scomber scombrus	100
70ab16bad2d8bc0fe9fa1ef9adc9be69	Chordata	Actinopterygii	Perciformes	Scombridae	Scomber	 Scomber scombrus	99.9999986
79c5bf8e719046b98ea4b9639d500374	Chordata	Actinopterygii	Perciformes	Scombridae	Scomber	 Scomber scombrus	100
7e088a175fcdd7720732f0451cfa6f04	Chordata	Actinopterygii	Perciformes	Scombridae	Scomber	 Scomber scombrus	99.9999823
86271ff686f8e1fbb8e5ad5475dc0e0b	Chordata	Actinopterygii	Perciformes	Scombridae	Scomber	 Scomber scombrus	99.9999999
87ceada180f82e800f2a001f3fc969ff	Chordata	Actinopterygii	Perciformes	Scombridae	Scomber	 Scomber scombrus	99.9999982
918d944f3f965edd585a8512563eb338	Chordata	Actinopterygii	Perciformes	Scombridae	Scomber	 Scomber scombrus	99.9999992
9d830aa44281ff52f51457e3e541ef0c	Chordata	Actinopterygii	Perciformes	Scombridae	Scomber	 Scomber scombrus	99.9999999
9fc10f8aabcca6495c249c9ce92405aa	Chordata	Actinopterygii	Perciformes	Scombridae	Scomber	 Scomber scombrus	100
abf162c6cbedee28d3b17c7718aafc2a	Chordata	Actinopterygii	Perciformes	Scombridae	Scomber	 Scomber scombrus	99.9999971
ac59505a57c08e024c053e10b463f64a	Chordata	Actinopterygii	Perciformes	Scombridae	Scomber	 Scomber scombrus	100
ad1636e972e3910a1f03aa7642dc3c80	Chordata	Actinopterygii	Perciformes	Scombridae	Scomber	 Scomber scombrus	100
ad8acf022bbfaaffa551250c61b54a6a	Chordata	Actinopterygii	Perciformes	Scombridae	Scomber	 Scomber scombrus	99.9999998
ae39aca08988a984ccc2a141df07677f	Chordata	Actinopterygii	Perciformes	Scombridae	Scomber	 Scomber scombrus	99.9999999
b72c5ae229de27f0171ab37fbe7023c6	Chordata	Actinopterygii	Perciformes	Scombridae	Scomber	 Scomber scombrus	100
b774e47a76df3d10052761d9e8af7e06	Chordata	Actinopterygii	Perciformes	Scombridae	Scomber	 Scomber scombrus	99.999998
c4a5e3ded6293d7d65a80915778ec060	Chordata	Actinopterygii	Perciformes	Scombridae	Scomber	 Scomber scombrus	99.9999999
c6c4842eb2765b591a1fbd363c8bf420	Chordata	Actinopterygii	Perciformes	Scombridae	Scomber	 Scomber scombrus	100
c90cdd7a8489e3cdbabe1fa2fd036340	Chordata	Actinopterygii	Perciformes	Scombridae	Scomber	 Scomber scombrus	99.9999963
cc918e28c0e5a84b7b75501da303f36b	Chordata	Actinopterygii	Perciformes	Scombridae	Scomber	 Scomber scombrus	99.9999999
d8447bef03015bad7c1713726acb27df	Chordata	Actinopterygii	Perciformes	Scombridae	Scomber	 Scomber scombrus	100
dc90fb967e16a7c7d611ba262980944e	Chordata	Actinopterygii	Perciformes	Scombridae	Scomber	 Scomber scombrus	99.9999999
ea76442776017f3a6298f5e1ba642816	Chordata	Actinopterygii	Perciformes	Scombridae	Scomber	 Scomber scombrus	100
eb3aa13eecd7eafab63cb9af2ab27031	Chordata	Actinopterygii	Perciformes	Scombridae	Scomber	 Scomber scombrus	99.9999999
08ef9041d240e77e1598fe5e74dd18b7	Chordata	Actinopterygii	Beloniformes	Scomberesocidae	Scomberesox	 Scomberesox saurus	99.9999403
0dd28d75744c1d6266f56a64e0ba0a74	Chordata	Actinopterygii	Beloniformes	Scomberesocidae	Scomberesox	 Scomberesox saurus	99.9988369
17c2baf06eb3bf65debaf92459a99dc3	Chordata	Actinopterygii	Beloniformes	Scomberesocidae	Scomberesox	 Scomberesox saurus	99.9999772
19abeab29f326d6331fceea795a645a8	Chordata	Actinopterygii	Beloniformes	Scomberesocidae	Scomberesox	 Scomberesox saurus	99.9998761
40822f38cf9493021b2ffa119d2270cf	Chordata	Actinopterygii	Beloniformes	Scomberesocidae	Scomberesox	 Scomberesox saurus	99.99914079999999
50be715a968873f591bd4f71454a702c	Chordata	Actinopterygii	Beloniformes	Scomberesocidae	Scomberesox	 Scomberesox saurus	99.9999689
7836300e9092227a3a7bf9bbf0938428	Chordata	Actinopterygii	Beloniformes	Scomberesocidae	Scomberesox	 Scomberesox saurus	99.9999385
881aff54be264fdb56bf223b3c99d5bc	Chordata	Actinopterygii	Beloniformes	Scomberesocidae	Scomberesox	 Scomberesox saurus	99.9999684
ba184997f4ac06b0d5a05c5bbe45d497	Chordata	Actinopterygii	Beloniformes	Scomberesocidae	Scomberesox	 Scomberesox saurus	99.9999983
bb6a4871792ca6025c1743079184610f	Chordata	Actinopterygii	Beloniformes	Scomberesocidae	Scomberesox	 Scomberesox saurus	99.9999815
e06579de407e6fd6fad7e02d0057903c	Chordata	Actinopterygii	Beloniformes	Scomberesocidae	Scomberesox	 Scomberesox saurus	99.9999828
f0c2d010b1fb93f00e83749409ffe1b8	Chordata	Actinopterygii	Beloniformes	Scomberesocidae	Scomberesox	 Scomberesox saurus	99.9999769
a46abf08c8e259f0026caab72161f25d	Chordata	Actinopterygii	Stephanoberyciformes	Melamphaidae	Scopelogadus	 Scopelogadus mizolepis	99.9997749
f7eb8ef2ceb5384ed479de345e3f5554	Chordata	Actinopterygii	Stephanoberyciformes	Melamphaidae	Scopelogadus	 Scopelogadus mizolepis	99.9999633
2caf1df79e425b4deb2a8008291751fb	Chordata	Actinopterygii	Scorpaeniformes	Sebastidae	Sebastes		99.9971641
b7f61135eb2f9a863292c706ddb7e245	Chordata	Actinopterygii	Scorpaeniformes	Sebastidae	Sebastes		99.9958816
ba0797c50c901c1986addb4052c38036	Chordata	Actinopterygii	Scorpaeniformes	Sebastidae	Sebastes		99.9968301
559a1a56bdb1622bc77d1bd0a4d99868	Chordata	Actinopterygii	Anguilliformes	Serrivomeridae	Serrivomer	 Serrivomer beanii	100
098f67573f71e0a9c3a18ed021dcaecc	NA	NA	NA	NA	NA	NA	NA
cd99a356681a2ed911f3f6db0b656a02	NA	NA	NA	NA	NA	NA	NA
4f5a7e3f7c9a0c67346d23f13a04c152	Chordata	Mammalia	Artiodactyla	Delphinidae	Stenella	NA	98.83
19c693f42cb365035c714e619ba37005	Chordata	Mammalia	Artiodactyla	Suidae	Sus	Sus scrofa	100
233760925ab2b3fc56d76864fb14d658	Chordata	Mammalia	Artiodactyla	Suidae	Sus	Sus scrofa	100
4f49e806ec7a759131396d7c7e11436d	Chordata	Mammalia	Artiodactyla	Suidae	Sus	Sus scrofa	99.412
56746295e600d52d1ca6832099704ccf	Chordata	Mammalia	Artiodactyla	Suidae	Sus	Sus scrofa	100
56f2890a62178fec4f57e9f56ffe0282	Chordata	Mammalia	Artiodactyla	Suidae	Sus	Sus scrofa	100
5b36e6cc699f5e63bf3861023c775862	NA	NA	NA	NA	NA	NA	NA
ac274ac08f5318690f465e60d81ef4c6	Chordata	Mammalia	Artiodactyla	Suidae	Sus	Sus scrofa	99.408
d363797257fc5f49c8ec0c9e6cbf7392	Chordata	Mammalia	Artiodactyla	Suidae	Sus	Sus scrofa	100
08987dd3fe5b8141b0532d6a962893cb	Chordata	Actinopterygii	Myctophiformes	Myctophidae	Diaphus	NA	98.1597797
17ab0042ac38d80dcecb47cb27ccb679	Chordata	Actinopteri	Myctophiformes	Myctophidae	Symbolophorus	Symbolophorus veranyi	99.415
1c3e9133df3c3b8386a1a9b432e1f625	Chordata	Actinopteri	Myctophiformes	Myctophidae	Symbolophorus	Symbolophorus veranyi	99.415
1ed40f76d7b468f560065875bab1a7d9	NA	NA	NA	NA	NA	NA	NA
3cdebf12f24e494830020333df402b2c	Chordata	Actinopteri	Myctophiformes	Myctophidae	Symbolophorus	Symbolophorus veranyi	99.415
486e11e6d3bdef2fa2ae97cc3717c0bb	Chordata	Actinopteri	Myctophiformes	Myctophidae	Symbolophorus	NA	98.83
6d142ca4d6dbffd1606f2657efeb38bc	Chordata	Actinopteri	Myctophiformes	Myctophidae	Symbolophorus	NA	98.83
6d929764043f7d270ccf9eb71bfc893d	Chordata	Actinopterygii	Myctophiformes	NA	NA	NA	87.4714374
b6a40eb7946ad1ab112e35441ea788b7	Chordata	Actinopteri	Myctophiformes	Myctophidae	Symbolophorus	Symbolophorus veranyi	99.398
b943c64e2a33f8b4da9c1e2d83115c80	Chordata	Actinopteri	Myctophiformes	Myctophidae	Symbolophorus	Symbolophorus veranyi	99.415
c6771217030deaaaca97b385cda0b038	Chordata	Actinopteri	Myctophiformes	Myctophidae	Symbolophorus	NA	98.83
cf83d21808915e4710c28ee72dcc3d76	NA	NA	NA	NA	NA	NA	NA
d8c8fbfca63ae7f7b7d4e3dd1ee0c8e1	Chordata	Actinopteri	Myctophiformes	Myctophidae	Symbolophorus	NA	98.83
ea241816bc464483fcb12b1a4f160c20	Chordata	Actinopteri	Myctophiformes	Myctophidae	Symbolophorus	NA	98.83
1800a54f062957ee6655bf43951f02e0	Chordata	Actinopterygii	Anguilliformes	Synaphobranchidae	Synaphobranchus	 Synaphobranchus kaupii	100
317c08a6fc9d3a2248d175631bae2fba	Chordata	Actinopterygii	Anguilliformes	Synaphobranchidae	Synaphobranchus	 Synaphobranchus kaupii	100
3bb84d54c6f56a4a37e0a68c1f384e50	Chordata	Actinopterygii	Anguilliformes	Synaphobranchidae	Synaphobranchus	 Synaphobranchus kaupii	100
53ffe17036e9e8edb7bacd90d9252f9b	Chordata	Actinopterygii	Anguilliformes	Synaphobranchidae	Synaphobranchus	 Synaphobranchus kaupii	100
634c1a1fb225dd88a92529d71e2a8868	Chordata	Actinopterygii	Anguilliformes	Synaphobranchidae	Synaphobranchus	 Synaphobranchus kaupii	100
f3dd1019259afa2747d579bae9391d6b	Chordata	Actinopterygii	Anguilliformes	Synaphobranchidae	Synaphobranchus	 Synaphobranchus kaupii	100
fdcb8c8c8257ae828ece82e41404cf38	Chordata	Actinopterygii	Anguilliformes	Synaphobranchidae	Synaphobranchus	 Synaphobranchus kaupii	100
1ac63cacbbc24d34188a1772d7f76c85	NA	NA	NA	NA	NA	NA	NA
ca30230cbecc7e14e4920546fa6dfa07	Chordata	Actinopterygii	Perciformes	Scombridae	NA	NA	92.75602939999999
1b39765e3e1476d7eb2563acc2626dbc	Chordata	Actinopterygii	Perciformes	NA	NA	NA	77.50090549999999
6df167c53b91051a5dabd4b1bfe1148c	Chordata	Actinopterygii	Perciformes	NA	NA	NA	76.1556756
c18b31db7e02bf7dc1e4975191336521	Chordata	Actinopterygii	Perciformes	Scombridae	Thunnus	NA	96.1857689
d164ec167f816f4d65a58c033b1dcb62	Chordata	Actinopterygii	Perciformes	NA	NA	NA	82.9623967
15ecd24a90245d8e3be7533e8430ae1a	Chordata	Actinopterygii	Perciformes	Scombridae	Thunnus	 Thunnus thynnus	99.7476319
443041b13cf3cd8e8772b66fec7c0f18	Chordata	Actinopterygii	Perciformes	Scombridae	Thunnus	 Thunnus thynnus	99.7138681
d7aa116cb486c404028dee0e8408979e	Chordata	Actinopterygii	Perciformes	Scombridae	Thunnus	 Thunnus thynnus	99.6957533
dcf73c54a7fa0564dff24133735bb73f	Chordata	Actinopterygii	Perciformes	Scombridae	Thunnus	NA	98.73969299999999
f2c3426dde7e31ebeb0f0f5721706a52	Chordata	Actinopterygii	Perciformes	Scombridae	Thunnus	 Thunnus thynnus	99.70165039999999
2ac00e977deecb7df702e9b09b9d0995	Chordata	Actinopterygii	Scorpaeniformes	Cottidae	Triglops	 Triglops murrayi	99.99999779999999
2d4ac280fe157272948157f84e2a1d14	Chordata	Actinopterygii	Scorpaeniformes	Cottidae	Triglops	 Triglops murrayi	99.99999779999999
849ee15bb8bce4c9055730b02bad77c1	Chordata	Actinopterygii	Scorpaeniformes	Cottidae	Triglops	 Triglops murrayi	99.99999790000001
a1288d71cd258a7d5055a7d153385471	Chordata	Actinopterygii	Scorpaeniformes	Cottidae	Triglops	 Triglops murrayi	99.9999985
e435136539a7f628e8f11722f1b5d911	Chordata	Actinopterygii	Scorpaeniformes	Cottidae	Triglops	 Triglops murrayi	99.9999789
f165306318d95e0ed81276613ebbe9dc	Chordata	Actinopterygii	Scorpaeniformes	Cottidae	Triglops	 Triglops murrayi	99.999993
d26313c10cde039a42c32765437db728	Chordata	Mammalia	Artiodactyla	Delphinidae	Tursiops	Tursiops truncatus	100
6e65644ccbdba939d32c71d385f4af04	NA	NA	NA	NA	NA	NA	NA
45475b3aacdd9e6c0e1ff59dad83979d	NA	NA	NA	NA	NA	NA	NA
4d6b12a26be7099d2f255a9a07c3de4c	Chordata	Actinopteri	Gadiformes	Phycidae	Urophycis	NA	98.83
7283bc62df526b3218e029d565d39cad	Chordata	Actinopteri	Gadiformes	Phycidae	Urophycis	NA	98.83
8bf2ea999bd6019950cdf10a33977b61	Chordata	Actinopteri	Gadiformes	Phycidae	Urophycis	Urophycis chuss	99.415
9df64553f0876a7fbdb6f7d0098101e3	Chordata	Actinopteri	Gadiformes	Phycidae	Urophycis	NA	98.83
